Title,Category,Cause,How to Fix,Example Before,Example After,Notes
404 Not Found,Web/HTTP,Resource or endpoint does not exist,Verify URL paths and ensure endpoint exists,Broken API URL,Use the correct endpoint in API requests,Common in HTTP-based services during development or migration.
500 Internal Server Error,Web/HTTP,Server misconfiguration or runtime issues,Inspect server logs and fix code issues,Failing server due to unhandled errors,Add error-handling mechanisms on the server,Generic error indicating problems in server-side processing or configuration.
AmbiguousMappingError,Annotation Error,Overlapping or conflicting mappings in REST controllers,Define unique request mappings in controllers,Two @GetMapping annotations for the same path,Define unique paths for each @GetMapping,Happens when endpoints conflict in Spring Boot REST controllers.
AnnotationConfigurationConflictError,Annotation Error,Conflicting annotations that affect bean behavior,Use consistent and non-conflicting annotations,Using both @Transactional and @Cacheable improperly,Separate transactional and caching logic,Leads to runtime conflicts in bean execution behavior.
AnnotationFormatError,JVM Annotation Errors,Invalid annotation types detected during runtime.,Verify annotations and ensure their proper usage.,@BrokenAnnotation,Use only valid and well-defined annotations.,Common in annotation-based processing frameworks.
ArithmeticException,Java Runtime,Dividing by zero or invalid mathematical operations,Add checks to prevent invalid operations,int result = 1 / 0;,if (denominator != 0) int result = 1 / denominator;,Common during division operations where denominator is zero.
ArrayIndexOutOfBoundsException,Arrays,Accessing array elements outside defined bounds.,Validate indices before accessing arrays.,int value = arr[-1];,if(index >= 0 && index < arr.length) value = arr[index];,Raised in dynamic array data manipulation.
ArrayStoreException,Runtime Exception,Attempting to store an incompatible type in an array.,Ensure the type of objects being stored matches the array's declared type.,Object[] objArray = new String[5]; objArray[0] = new Integer(10);,Use arrays with compatible types.,Occurs in array manipulations with polymorphism.
AssertionError,Error,Assertion conditions fail during runtime.,Ensure logical conditions in assertions are valid and meaningful.,assert x > 0;,Correct logic or disable assertions if not needed.,Raised during testing/debugging phases.
AttributeError,Python Runtime,Attempting to access an undefined object attribute,Check attribute existence with hasattr(),object.undefined_attr,"if hasattr(object, 'defined_attr'): print(object.defined_attr)",Raised when invalid attributes are referenced on objects.
AuthenticationException,Security,Errors during user authentication in secure systems.,Validate credentials and ensure correct authorization workflows.,"authService.login(user, password);",Use proper credentials and authentication services.,Occurs in enterprise-level secure applications.
BatchUpdateException,Database Transactions,Batch operations failed due to invalid data or queries.,Debug and ensure all batch queries are valid.,stmt.executeBatch(invalidBatch);,Validate batch queries before execution.,Common in bulk database updates.
BeanCreationException,Spring Boot Error,Misconfigured beans in application context,Review bean configuration,Missing bean definition in @Configuration,Add a correct bean definition using @Bean,Happens when Spring fails to instantiate a required bean.
BeanCurrentlyInCreationException,Dependency Error,Circular bean dependencies during initialization,Refactor beans or use @Lazy annotation,Circular dependency between BeanA and BeanB,Use @Lazy or restructure bean dependencies,Happens when beans reference each other during initialization.
BeanInitializationException,Spring Boot Bean,Incorrect bean configuration or dependencies,Review bean properties and dependencies,Missing properties for @Autowired bean,Properly configure beans with @Bean or @Configuration,Occurs due to improper dependency injection setup.
BootstrapMethodError,JVM Bootstrap Errors,Invalid method references during class bootstrapping.,Validate and debug bootstrap method configurations.,DynamicLinker.link(invalidBootstrap);,Ensure valid bootstrap configurations and libraries.,Occurs in advanced JVM internals.
BufferOverflowError,Memory Management Error,Writing beyond the allocated memory of a buffer,Validate data size before writing into buffers,Writing 20 bytes into a buffer of size 10,Ensure buffer size is sufficient for data,Common in low-level languages like C or C++.
BufferUnderflowException,Buffer Handling,Attempting to read from a buffer that has no remaining elements.,Ensure sufficient elements exist in the buffer before reading.,buffer.get();,if(buffer.hasRemaining()) buffer.get();,Occurs during memory read operations.
CacheLoaderException,Cache Management,Failure while loading cache values.,Ensure cache loader logic is properly configured and tested.,cacheLoader.load(null);,Validate inputs and ensure cache keys are correct.,Raised during dynamic cache loading operations.
CertificateEncodingException,Cryptography,Errors encoding X.509 certificates.,Verify and use valid certificate data.,certificate.getEncoded();,Ensure encoding parameters align with specifications.,Raised in cryptographic validations.
CertificateExpiredException,Security/Certificates,X.509 certificate has expired.,Replace expired certificates with valid ones.,Certificate.checkValidity();,Use renewed certificates to ensure validity.,Occurs in secure server-client communications.
CertificateRevokedException,Security/Certificates,Certificate revoked due to compromise or expiry.,Use valid and non-revoked certificates.,Certificate.checkValidity();,Validate certificate revocation list (CRL) before usage.,Raised in secure environments needing compliance.
ChangeDetectionError,Angular Runtime,Angular's change detection fails during updates,Avoid circular updates or complex bindings,Updating the same bound variable in multiple places,Refactor bindings to prevent circular updates,Happens frequently during dynamic UI updates.
CircularDependencyError,Dependency Error,Dependencies referencing each other cyclically,Refactor dependencies to remove circular references,ServiceA ? ServiceB ? ServiceA,Use @Lazy annotation or refactor modules,Common in Angular and Spring Boot when services depend on each other directly.
ClassCastException,Runtime Exception,Incorrect type casting that is incompatible.,Check object compatibility using instanceof.,String str = (String) obj;,if(obj instanceof String) String str = (String) obj;,Occurs frequently in collections or object casting.
ClassCircularityError,JVM Error,Circular dependencies detected during class loading.,Refactor classes to eliminate circular dependencies.,"ClassA refers to ClassB, which refers back to ClassA.",Restructure dependencies to avoid circular references.,Occurs during complex class loading scenarios.
ClassFormatError,JVM Loading Errors,Invalid bytecode format during class loading.,Recompile the class or validate its bytecode.,"ClassLoader.defineClass(""InvalidClass"");",Use properly compiled and valid class files.,Common in applications with dynamic loading of compiled classes.
ClassNotFoundException,Reflection,Class definition not found at runtime.,Include all necessary classes in runtime classpath.,"Class.forName(""InvalidClass"");","try { Class.forName(""ValidClass""); } catch (ClassNotFoundException e) {}",Common in dynamic loading scenarios.
CloneNotSupportedException,Object Cloning,Attempting to clone an object that does not support cloning.,Implement Cloneable interface and define clone() method.,obj.clone();,try { obj.clone(); } catch (CloneNotSupportedException e) {},Occurs during deep/shallow copy operations.
CMMException,Color Management,Errors with color profile in Color Management Module.,Validate and debug color profile inputs.,colorManager.loadProfile(invalidProfile);,Use standard-compliant color profiles.,Common in image rendering and printing applications.
CodeCacheOverflowError,JVM Code Caching,JVM code cache exceeded its allocated size.,Increase code cache size using JVM flags.,Dynamic method calls in JIT compiler.,Use JVM options like -XX:ReservedCodeCacheSize to adjust limits.,Rarely occurs in highly dynamic applications.
CompletionException,Concurrency,Errors during asynchronous task completion.,Debug underlying tasks for exceptions or invalid states.,future.join();,Handle completion results gracefully with appropriate error handling.,Occurs in CompletableFuture workflows.
ComponentFactoryResolverError,Angular Components,Failing to resolve dynamic components,Import component modules and ensure correct configurations,Missing dynamic component declarations,Declare dynamic components in entryComponents,Happens when dynamically loading components in Angular apps.
ConcurrencyError,Threading/Parallelism,Conflicts during simultaneous access to shared resources,Use synchronization mechanisms,Multiple threads modifying the same variable,"Use locks, semaphores, or thread-safe methods",Occurs in multi-threaded or parallel programming environments.
ConcurrentModificationException,Collections,Modifying a collection while iterating over it.,Use fail-safe collections like CopyOnWriteArrayList.,for(Object o : list) list.add(newElement);,List safeList = new CopyOnWriteArrayList(list); safeList.add(newElement);,Raised in collections with concurrent modifications.
ConnectException,Network Communication,Failure to establish a connection.,Ensure server availability; validate connection.,socket.connect();,try { socket.connect(); } catch (ConnectException e) {},Raised during client-server communication.
ConstraintViolationError,SQL Integrity,"Violating table constraints such as NOT NULL, UNIQUE",Validate input data before insertion,Inserting duplicate values in a unique column,Ensure data integrity with validations,Occurs due to lack of proper database input validation.
ConstraintViolationException,Spring Boot Validation,Violating constraints defined on request parameters,Ensure request matches validation constraints,Sending age = -1 when @Min(0) is defined,Send valid request: age = 18,"Common with bean validation annotations like @Min, @Max, or @NotNull."
ContentProjectionError,Angular Component,Incorrect or missing ng-content projection,Ensure correct usage of Angular content projection,Mismatched or missing <ng-content>,Add proper <ng-content> or resolve projection issues,Common in Angular when projecting content improperly within components.
CORS Policy Error,Angular/Frontend,Cross-Origin Resource Sharing restrictions,Configure backend to allow specific domains,Accessing a different domain's API,Update server settings to include valid headers,Often faced in web application development while integrating APIs.
CursorNotFoundException,Database Access,Cursor used in database operations is invalid or closed.,Ensure cursor state before performing operations.,resultSet.getCursor(100);,Validate cursor lifecycle and close state.,Common when working with large datasets in databases.
DataFormatException,Data Compression,Invalid format for compressed data operations.,Ensure that the data matches the expected compression format.,Inflater.inflate(invalidData);,Validate compressed data before attempting inflation.,Raised during data decompression.
DatagramSocketException,Networking,Errors during DatagramSocket operations.,Ensure proper socket configurations and availability.,socket.send(packetToInvalidAddress);,Validate socket and packet configurations before sending.,Raised in UDP-based applications.
DataIntegrityViolationException,Spring Boot Data Access,Violating database constraints such as NOT NULL,Handle exceptions and validate input before saving,Saving NULL in a NOT NULL column,Perform validation or set default values,Often caused by mismatched entity constraints and database schema.
DataMismatchException,SQL Query Execution,Data type mismatch during query execution,Ensure data types match between schema and query,SELECT * FROM table WHERE id = 'abc';,SELECT * FROM table WHERE id = 1;,Occurs during operations where data types do not align.
DataTruncation,Database Access,Data was truncated during transmission or storage.,Adjust database field sizes or validate inputs.,"stmt.executeUpdate(""INSERT longText INTO VARCHAR(5));",Ensure field constraints align with data size.,Common in database operations with fixed-size fields.
DataTypeMismatchError,SQL Query Execution,Mismatched data types between columns and query values,Use correct data types for columns in queries,SELECT * FROM table WHERE age = 'abc';,SELECT * FROM table WHERE age = 25;,Occurs when incompatible types are used in WHERE or JOIN conditions.
Deadlock Error,SQL Runtime,Two processes waiting on each other for resources,Use proper transaction isolation levels,Multiple processes locking the same rows,Use WITH(NOLOCK) or restructure queries,Common in concurrent transactions with poor locking mechanisms.
DependencyNotFoundError,Dependency Error,Dependency not registered in applicationContext,Verify bean registration and import statements,Accessing undefined bean during runtime,Define the missing bean in configuration class,Happens when required beans are not defined in the application context.
DivisionByZeroError,Arithmetic Error,Attempting to divide a number by zero,Add checks to prevent division by zero,int result = 10 / 0;,if (denominator != 0) result = 10 / denominator;,Occurs in arithmetic operations in all programming languages.
DuplicatedAnnotationError,Annotation Error,Using duplicate annotations on the same element,Remove redundant annotations,Multiple @NotNull annotations on a field,Use a single @NotNull annotation,Leads to unnecessary validations and possible conflicts.
EmptyStackException,Collections,Attempting to access or modify elements of an empty stack.,Ensure stack size is non-empty before operations.,stack.pop();,if(!stack.isEmpty()) stack.pop();,Frequently occurs in stack-based data structures.
EntityNotFoundException,Spring Boot JPA,Attempting to retrieve a nonexistent entity,Ensure the entity exists or handle exceptions,repository.findById(99).get(),Use Optional.isPresent() or .orElse() to handle,Happens when querying non-existent records in the database.
EnumConstantNotPresentException,Enumerations,Accessing an undefined constant in an enum type.,Use valid enum constants in the application.,"Color.valueOf(""INVALID_CONSTANT"");",Validate enum constant names and values before accessing.,Common in enum-based logic flows.
EOFException,Input/Output,Unexpected end of input stream during data reading.,Ensure input streams are complete; handle EOF.,stream.read();,try { stream.read(); } catch (EOFException e) {},Raised in file and stream operations.
ExemptionMechanismException,Cryptography,Errors using an exemption mechanism for cryptographic operations.,Validate exemption policies and mechanisms.,cipher.initExemptPolicy();,Use correct exemption parameters and keys.,Raised when cryptographic policies are misconfigured.
ExpressionChangedAfterItHasBeenCheckedError,Angular Change Detection,Changing bound properties during the change detection cycle,Avoid modifying properties inside lifecycle hooks like ngAfterViewInit,Updating data in ngAfterViewInit,Modify data outside of Angular lifecycle hooks,Happens when Angular's change detection flow gets interrupted.
ExpressionChangedError,Angular Lifecycle,Modifying bound properties during lifecycle hooks,Avoid property mutations within Angular hooks,Changing model data during ngOnInit,Update model outside lifecycle hooks,Common during dynamic UI manipulations in Angular.
FactoryBeanInjectionError,Dependency Error,Improper injection of beans created via FactoryBean,Use @Autowired on the factory bean directly,Injecting the actual bean instead of the factory,Inject the FactoryBean instead,Happens when dependencies created using Factory Beans are improperly injected.
FactoryConfigurationError,Framework Initialization,Issues with factory configuration during framework startup.,Debug factory class and ensure proper configurations.,FactoryClass.getFactoryInstance(null);,Use valid factory settings or initialize defaults.,"Common in XML, database, and library frameworks."
FileNotFoundError,Python Runtime,Specified file does not exist,Verify file paths or handle exceptions,open('missing.txt'),try: open('file') except: handle block,Always validate the file's existence before trying to access it.
FileNotFoundException,File Handling,Missing file at the specified path.,Verify file paths and existence before access.,"FileReader file = new FileReader(""x"");","try { FileReader file = new FileReader(""x""); } catch (FileNotFoundException e) {}",Common cause during file operations.
ForeignKeyViolationError,SQL Integrity,Inserting data that violates foreign key constraints,Ensure related records exist before insertion,Adding a record with a non-existent foreign key value,Insert valid foreign key referencing the parent table,Happens in relational databases when referencing non-existent keys.
HeapOverflowError,Memory Error,Exceeding the heap memory limit,Optimize memory usage and avoid unnecessary object creation,Creating too many large objects,Use object pooling or dispose unused objects,Occurs when memory allocation exceeds available heap size.
HttpMediaTypeNotAcceptableException,Spring Boot ResponseEntity,Media type mismatch during response creation,Set appropriate Accept header in requests,Requesting text/html when response is in application/json,Request response in compatible type using Accept: application/json,Happens when client expectations and server responses are mismatched.
HttpMediaTypeNotSupportedException,Spring Boot ResponseEntity,Unsupported media type in request,Specify correct Content-Type header in the request,Sending Content-Type: text/plain to an endpoint requiring JSON,Send Content-Type: application/json,"Common when API endpoints accept specific media types, e.g., application/json."
HttpMessageConversionException,Spring Boot REST,Mismatched content in the request/response body,Correct data structure and use appropriate @RequestBody,Sending invalid JSON to a REST controller,Send valid JSON matching the expected structure,Happens during serialization/deserialization of mismatched data formats.
HttpMessageNotReadableException,Spring Boot ResponseEntity,Mismatch in JSON structure during request parsing,Ensure proper JSON format in requests,Sending {id: 1} as JSON,"Send proper JSON: {""id"": 1}",Occurs due to incorrect serialization/deserialization.
HttpRequestMethodNotSupportedException,Spring Boot ResponseEntity,Using unsupported HTTP methods,Verify allowed methods on the endpoint,Sending POST to a GET-only endpoint,Use GET when the endpoint allows only GET,"Occurs due to mismatched HTTP methods (e.g., GET, POST, PUT, DELETE)."
HttpStatusCodeException,Spring Boot ResponseEntity,Returning incorrect HTTP status codes,Set proper status codes in the ResponseEntity,Returning ResponseEntity.ok() on failure,Use ResponseEntity.status(HttpStatus.BAD_REQUEST) for failure,"Happens when status codes don’t reflect actual API outcomes (e.g., 200 for errors)."
IllegalAccessException,Reflection,"Trying to access a class, method, or field without proper permissions.",Ensure correct access modifiers and use AccessibleObject.setAccessible(true) if needed.,"Field f = cls.getField(""privateField"");",try { f.setAccessible(true); } catch (IllegalAccessException e) {},Occurs when using reflection to access private or protected members.
IllegalAnnotationCombinationError,Annotation Error,Using mutually exclusive annotations together,Use compatible annotation combinations,Using @Transactional(readOnly=true) with @Modifying,Use @Transactional or remove @Modifying,Occurs when annotations conflict in database transaction configuration.
IllegalArgumentException,Runtime Exception,Passing illegal or inappropriate arguments to a method.,Validate inputs before method invocation.,Thread.sleep(-100);,if(time >= 0) Thread.sleep(time);,Common when validating method arguments.
IllegalBlockSizeException,Cryptography,Attempting to encrypt or decrypt data with an incorrect block size.,Ensure the input data matches the expected block size for the cipher.,cipher.doFinal(dataWithIncorrectLength);,Use padding or modify input data to match the block size.,Raised in encryption/decryption operations.
IllegalChannelGroupException,Networking,Invalid grouping of network channels in I/O operations.,Ensure channel groups are compatible and valid.,channelGroup.addChannel(incompatibleChannel);,Verify compatibility between grouped channels.,Common in asynchronous networking operations.
IllegalComponentStateException,GUI Components,Invoking methods on GUI components in an invalid state.,Validate component state before performing operations.,button.setText(null);,Ensure buttons are properly initialized before manipulation.,Common in GUI applications with improper UI manipulation.
IllegalFormatException,String Formatting,Invalid format specifiers or arguments in formatting strings.,Validate arguments and format specifiers.,"String.format(""%d"", ""stringInsteadOfInt"");",Use correct arguments to match format specifiers.,Common in string formatting issues.
IllegalMonitorStateException,Java Threading,Calling wait() or notify() outside a synchronized block,Synchronize blocks before calling thread methods,Using obj.wait() without synchronized,Wrap obj.wait() in synchronized block,Happens in multithreaded applications when monitor methods are improperly used.
IllegalPathStateException,Graphics,Providing an illegal path during a graphic operation.,Verify path validity and use supported parameters.,graphics.draw(invalidPath);,Ensure path coordinates are valid and fall within constraints.,Raised in graphical rendering or manipulation.
IllegalStateException,Runtime Exception,Invoking methods in an inappropriate state or condition.,Ensure the object’s state is valid for the operation.,scanner.next();,Validate object states and use methods in appropriate conditions.,Raised due to incorrect usage of state-sensitive methods.
IllegalThreadStateException,Thread Lifecycle,Thread state does not allow the requested operation.,Ensure proper thread lifecycle handling before invoking operations.,thread.start(); thread.start();,Avoid invoking start() on already-started threads.,Raised during thread execution errors.
IncompatibleClassChangeError,JVM Class Changes,Attempting to perform incompatible changes to a class.,Refactor incompatible changes and ensure compatibility across versions.,instance.modifyInvalidField();,Align changes with JVM compatibility standards.,Raised during incompatible modifications.
IndentationError,Python Syntax,Misaligned code or inconsistent indentation,"Properly align code blocks, avoid mixing tabs",Using spaces inconsistently in Python,Properly indenting with consistent spaces,Strict indentation rules in Python often cause this error.
IndexError,Python Runtime,Accessing an invalid index in a list or tuple,Validate index range before accessing,my_list[10] when my_list has only 5 elements,if index < len(my_list): print(my_list[index]),Commonly occurs during loop operations with lists.
InjectorCircularDependency,Angular Dependency,Services/modules referencing each other in a loop,Refactor to remove circular dependencies,ServiceA -> ServiceB -> ServiceA,Use @Optional() or restructure modules,Angular fails to resolve dependency injection in circular cases.
InjectorError,Dependency Error,Failing to inject dependencies due to incorrect configurations,Verify dependency injection and provided services,Missing dependency in providers array,Add dependency in providers in Angular,Common error in Angular apps while resolving dependencies at runtime.
InputMismatchException,Data Parsing,Incorrect input format during parsing operations.,Validate input format before parsing data.,scanner.nextInt(); // entered text instead of number,if(scanner.hasNextInt()) int number = scanner.nextInt();,Raised in scanner and input processing.
InstantiationError,Java Runtime,Instantiating abstract classes directly,Use concrete subclasses or proper constructors,AbstractClass obj = new AbstractClass();,ConcreteClass obj = new ConcreteClass();,Common mistake when working with abstract class hierarchies in Java.
InstantiationException,Reflection,Attempting to instantiate abstract classes or interfaces.,Refactor code to use concrete implementations.,MyAbstract obj = new MyAbstract();,Properly implement the abstract classes.,Raised in runtime object creation.
InterruptedException,Thread Handling,Thread interrupted during waiting or sleeping.,Handle interrupts using try-catch blocks.,Thread.sleep(1000);,try { Thread.sleep(1000); } catch (InterruptedException e) {},Commonly occurs in multithreaded applications.
InterruptedIOException,Input/Output,"Input/output operation was interrupted, such as timeout.",Handle timeouts and retries in the operations.,inputStream.read();,try { inputStream.read(); } catch (InterruptedIOException e) {},Occurs during network-based file or stream operations.
InvalidAnnotationPlacement,Annotation Error,Placing annotations at incorrect locations,Verify placement of annotations,@Transactional at the field level,Use @Transactional at method or class level,Happens when annotations are used in unsupported contexts.
InvalidBeanDefinitionError,Dependency Error,Bean defined incorrectly or missing in the context,Ensure proper bean definitions,Defining @Bean without a method return type,Define a proper bean method with a return type,Happens during Spring Boot application startup if the bean configuration is incorrect.
InvalidClassException,Serialization,Mismatch between the serialized class and the loaded class during deserialization.,Ensure both serialized and deserialized classes are compatible.,ObjectInputStream.readObject(incompatibleClass);,Ensure serialization IDs are consistent.,Common when deserializing objects across different class versions.
InvalidDefinitionException,Spring Boot Serialization,Misconfigured or incomplete serialization setup,Use correct annotations such as @JsonIgnore,Attempting to serialize a circular reference,Annotate fields with @JsonIgnore,Common during JSON serialization of bidirectional relationships in entities.
InvalidDnSyntaxException,LDAP Communication,Invalid syntax detected in distinguished names (DN).,Correct DN syntax and ensure compliance with LDAP standards.,ldapConnection.search(invalidDn);,Validate DN syntax before passing into search queries.,Frequently occurs during enterprise directory services.
InvalidFormatException,JSON Parsing,Improper field formatting during JSON deserialization,Ensure correct format of fields in JSON,"Sending ""date"": ""31-12-2022"" when yyyy-MM-dd expected","Send ""date"": ""2022-12-31""",Happens when incorrect field formats mismatch with deserialization expectations.
InvalidKeyException,Cryptography,Using an invalid key for cryptographic operations.,Validate key formats and ensure compatibility with cryptographic algorithms.,"Cipher cipher = Cipher.getInstance(""AES""); cipher.init(Cipher.ENCRYPT_MODE, invalidKey);",Use valid key formats and types compatible with algorithms.,Occurs during encryption or decryption operations.
InvalidMarkException,Buffer Handling,Attempting to reset a buffer to an invalid mark position.,Use the mark() method only when a valid mark exists.,buffer.reset();,if(buffer.marked()) buffer.reset();,Common in NIO (New I/O) buffer operations.
InvalidPathException,File Handling,Indicates an invalid syntax or format in file paths.,Validate file paths before accessing or manipulating files.,"Path path = Paths.get(""invalid:/path"");",Correct file path syntax before usage.,Raised during file or directory operations.
InvalidPreferencesFormatException,Preferences API,Preferences data is improperly formatted or corrupted.,Ensure the preferences file has the correct format before loading.,Preferences.importPreferences(corruptedFile);,Use valid preferences XML files when importing data.,Occurs during preferences file import/export operations.
InvalidScopeAnnotationError,Annotation Error,Using invalid or unsupported scope annotations,Use valid scope annotations such as @Singleton,Using @InvalidScope for bean lifecycle,"Use valid scope annotation like @Scope(""prototype"")",Common when defining custom bean scopes incorrectly.
InvalidTypeError,Type System Error,Using a value of one type where another is expected,Validate data types before operations,"String value = 1 + ""abc"";",Use String value = 1 + Integer.toString(abc);,Common during operations involving mismatched types.
InvocationTargetException,Reflection,Exception raised by a method invoked using reflection.,Inspect the underlying cause with getCause() and handle it accordingly.,"Method m = cls.getMethod(""methodName""); m.invoke(obj);",try { m.invoke(obj); } catch (InvocationTargetException e) {},Common when invoking methods dynamically via reflection.
IOException,Checked Exception,Issues with file or input/output streams.,Handle with try-catch; validate file paths.,"FileReader file = new FileReader(""x"");","try { FileReader file = new FileReader(""x""); } catch (IOException e) {}",Occurs during file operations and stream handling.
JarException,File Handling,Errors encountered while reading or writing JAR files.,Validate JAR files before processing.,"JarFile jarFile = new JarFile(""corrupted.jar"");",Ensure the JAR file is complete and valid.,Frequently raised when dealing with archives.
JsonMappingException,Spring Boot JSON Parsing,Issues with mapping JSON to Java objects,Ensure correct JSON structure or field names,JSON field names do not match POJO field names,Use @JsonProperty or correct field names in the JSON,Common during JSON deserialization in REST APIs.
KeyError,Python Runtime,Accessing nonexistent keys in a dictionary,Use .get() or validate key existence,my_dict['missing_key'],"my_dict.get('missing_key', default_value)",Common during dictionary operations in Python.
KeyViolationError,SQL Integrity,Inserting duplicate keys into a unique column,Ensure unique values or handle exceptions,"INSERT INTO table (id) VALUES (1), (1);",Avoid duplicates or use ON CONFLICT handling,Common in databases when violating unique constraints.
LazyInitializationException,Spring Boot JPA,Attempting to access an uninitialized proxy entity,Fetch required entities eagerly or in a transaction,Accessing a @ManyToOne entity after session is closed,Use @Transactional or eager fetch strategy,Happens frequently in Hibernate due to lazy loading outside transaction scope.
LineUnavailableException,Audio,Audio line could not be opened or accessed.,Ensure proper configuration of audio systems and drivers.,audioLine.open();,Validate that audio hardware and drivers support requested operations.,Occurs during playback or audio stream manipulation.
llegalComponentStateException,GUI Handling,Attempting to modify a GUI component in an invalid state.,Ensure the component is properly initialized and in a valid state.,button.setText(null);,"if(button != null) button.setText(""Submit"");",Common in Swing and AWT GUI applications.
LocaleError,Localization/Encoding,Using an unsupported or invalid locale,Validate locales and encoding before setting them,Setting locale as xy-XY when it's not supported,Use a valid locale like en-US,Happens when dealing with internationalization or encoding-related settings.
MalformedURLException,URL Handling,Invalid URL format.,Verify URL syntax before operations.,"new URL(""htp://invalid.com"");","try { new URL(""https://valid.com""); } catch (MalformedURLException e) {}",Raised during URL parsing operations.
MarshalException,Serialization,Errors while marshalling objects for communication.,Ensure objects are compatible and properly formatted for serialization.,ObjectOutputStream.writeObject(invalidObject);,Use serializable objects and compatible formats.,Common in object serialization during remote calls.
MediaException,Media Framework,Errors while handling multimedia data or processing streams.,Debug multimedia formats and ensure compatible codecs.,mediaPlayer.play(invalidMediaFile);,Validate multimedia formats before playback.,Common in media-based Java applications.
Memory Leak,General/All,Resources not released after use,"Explicitly close resources (e.g., files, streams)",Not closing a database connection,Use finally block to ensure resource closure,Can lead to performance degradation in long-running applications.
MemoryError,Python Runtime,Using excessive memory beyond available system capacity,Optimize memory usage or increase system memory,Loading a massive file into memory,Use chunk-based file processing to avoid memory overload,Occurs during operations with large data sets in limited environments.
MethodArgumentTypeMismatchException,Spring Boot ResponseEntity,Incorrect type passed to URL parameters,Pass values that match expected parameter types,Passing /user/abc when endpoint expects /user/{id} as integer,Pass /user/123,Happens due to parameter type mismatches in RESTful URLs.
MissingAnnotationException,Annotation Error,Required annotations not present in the code,Add the missing annotations,Missing @Service for a class,Annotate the class with @Service,"Common in Spring Boot when key annotations like @Service, @Controller are omitted."
MissingFormatArgumentException,String Formatting,Missing required arguments for format strings.,Ensure all format specifiers are matched with proper arguments.,"String.format(""%d %s"", num);",Provide all arguments matching format specifiers.,Raised during dynamic string manipulation.
MissingRequiredAnnotationError,Annotation Error,Missing key annotations for proper functionality,Add the required annotation,Missing @Component for a service,Annotate the service with @Component,Happens when Spring Boot fails to register beans due to missing annotations.
MissingResourceException,Resource Bundles,Resource bundle or key could not be found.,Ensure the required resources are present.,"ResourceBundle.getBundle(""invalidBundle"");",Check and validate the availability of resource files.,Common in internationalization or multi-language support.
MissingServletRequestParameterException,Spring Boot Validation,Missing required parameters in the request,Provide all required parameters in the request,Not including id in GET /user?id=123,Send request with all required parameters: /user?id=123,Occurs when parameters annotated with @RequestParam are omitted in requests.
MissingTransactionalAnnotationError,Annotation Error,Failing to annotate methods requiring transactions,Add @Transactional annotation to appropriate methods,No @Transactional on a database operation,Annotate the method with @Transactional,Common when operations requiring transactions fail due to missing annotations.
ModuleNotFoundError,Python Import,Importing unavailable or non-installed modules,Install missing modules using pip,import non_existent_module,pip install valid_module,Occurs when trying to import modules not installed in the Python environment.
NameError,Python Runtime,Referencing variables before declaration or definition,Declare variables before usage,print(x) before defining x = 10,x = 10; print(x),Occurs during usage of undefined variables in Python scripts.
NegativeArraySizeException,Arrays,Attempting to create an array with a negative size.,Validate array size before creation.,int[] arr = new int[-1];,if(size >= 0) int[] arr = new int[size];,Critical when working with dynamic array sizing.
NoHandlerFoundException,Spring Boot ResponseEntity,Accessing non-existent endpoint,Verify URL paths in requests,Sending a request to /invalid-endpoint,"Send request to the correct endpoint, e.g., /valid-endpoint",Occurs due to incorrect routing or misconfigured endpoint mappings.
NoninvertibleTransformException,Graphics,Attempting to invert a non-invertible transform.,Ensure that transform matrices are invertible.,transform.inverse();,Validate and use proper mathematical transformations.,Common in graphics transformations or rendering.
NoProviderForDirective,Angular Dependency,Missing provider for directives in module or component,Register providers for all used directives,Not providing a service used in a component,Add the service in providers array in app.module.ts,Occurs when Angular cannot resolve services or directives dependencies.
NoSuchAlgorithmException,Java Security,Referencing an unsupported cryptographic algorithm,Use a valid and supported algorithm,Attempting to use an invalid cipher algorithm,"Use Cipher.getInstance(""AES"")",Happens when referencing unavailable cryptographic algorithms.
NoSuchBeanDefinitionException,Dependency Error,Bean definitions missing in Spring Boot configuration,Define the required beans in the configuration,@Autowired private MyBean without bean definition,Add @Bean in configuration class,Happens when Spring cannot find a required bean definition.
NoSuchFieldError,Linking Error,Referencing a missing field in a class.,Validate field availability before operations.,obj.missingField;,Compile code with matching runtime classes and dependencies.,Raised when field mismatches occur.
NoSuchMethodError,JVM Linking Errors,Invoking a method that is not present in the class definition at runtime.,Recompile dependent classes to resolve linking errors.,object.nonExistentMethod();,Ensure all required methods are properly defined and compiled.,Common during version mismatches in libraries.
NoSuchProviderException,Cryptography,Requested security provider is not available in the environment.,Add the required security provider to the environment.,"Cipher.getInstance(""AES"", ""InvalidProvider"");",Ensure the provider is correctly configured and installed.,Common in environments missing cryptographic providers.
NotActiveException,Serialization,Calling methods on objects that are not currently active.,Ensure object activation before performing operations.,activeObject.callMethod();,Activate objects as part of the proper lifecycle before invoking methods.,Common in object serialization frameworks.
NoUniqueBeanDefinitionException,Dependency Error,Multiple beans of the same type exist without qualifiers,Use @Qualifier or adjust bean definitions,Autowiring without qualifiers when multiple beans exist,"Use @Qualifier(""specificBean"") annotation",Common when Spring Boot fails to resolve dependencies due to ambiguity.
NullInjectorError,Angular Dependency,Dependency injection issues in Angular components,Verify providers are correctly registered,Missing provider in app.module.ts,Add correct providers in app.module.ts,Occurs when Angular cannot resolve dependencies in components/services.
NullPointerException,Runtime Exception,Dereferencing null references or objects.,Validate and initialize objects before use.,String str = null; str.length();,if(str != null) str.length();,Most frequent exception in Java.
NumberFormatException,Runtime Exception,Parsing non-numeric input into numeric types.,Validate input strings before parsing operations.,"Integer.parseInt(""abc"");",if(isNumeric(input)) Integer.parseInt(input);,Frequently occurs in applications requiring number parsing.
OptimisticLockException,Spring Boot JPA,Concurrent updates to the same entity,Handle concurrency with versioning,Two transactions updating the same row simultaneously,Use @Version annotation to manage concurrency,Happens in JPA when conflicting updates occur during transaction processing.
OptimisticLockingFailureException,Spring Boot JPA,Concurrent modification of the same entity version,Use @Version annotation for entity versioning,Two users updating the same row concurrently,Add @Version to entity and handle exceptions,Helps to prevent stale updates in concurrent transactions.
OutOfMemoryError,JVM Memory Allocation,JVM has exhausted all allocated heap space.,Optimize heap usage or increase JVM heap limits.,int[] largeArray = new int[Integer.MAX_VALUE];,Ensure memory-intensive operations are properly managed.,Raised during high-memory allocations.
OutOfMemoryError: Direct Buffer Memory,JVM Error,Direct memory buffer allocation exceeded limits.,Optimize memory usage or increase direct memory allocation.,ByteBuffer.allocateDirect(Integer.MAX_VALUE);,Limit the size of allocated buffers to fit system constraints.,Common in NIO operations.
OutOfMemoryError: GC Overhead Limit,JVM Memory Management,Garbage collector runs excessively without freeing memory.,Optimize memory usage or increase heap size.,ArrayList largeList = new ArrayList<>(Integer.MAX_VALUE);,Use memory-efficient data structures and algorithms.,Common in applications with poor memory management.
OutOfRangeError,Python Runtime,Accessing values outside the allowed range,Ensure indices or ranges are within valid bounds,my_list[-10] for a list with only 5 elements,Use if index >= 0 to validate before access,Happens when iterating or slicing beyond list or range limits.
OverloadedUIError,Frontend Performance,Loading too much data or rendering too many elements,Optimize data loading and rendering strategies,"Loading 10,000 rows directly in the UI",Use pagination or virtual scrolling,Impacts application performance in frontend-heavy applications.
PrimaryBeanMissingError,Dependency Error,Missing primary bean for autowiring in multi-bean setup,Annotate one bean with @Primary or use qualifiers,No @Primary bean in configuration,Use @Primary for one of the beans,Common in configurations with multiple beans of the same type.
PrimaryKeyViolationError,SQL Integrity,Duplicate values in a primary key column,Validate primary key values before insertion,"INSERT INTO users VALUES(1, 'John') repeatedly",Ensure unique primary key values,Occurs when duplicate primary keys are inserted into a table.
PrinterAbortException,Printing,Printing job was aborted before completion.,Debug the printer service and ensure job integrity.,printJob.print();,Avoid manual interruptions and verify print settings.,Common in GUI apps with print capabilities.
PrinterException,Printing,Errors with printing services or print jobs.,Ensure printer services and jobs are configured correctly.,printerJob.print();,Debug the printer service or configurations causing failure.,Common in desktop or GUI-based apps with print functionality.
PropertyAccessException,Spring Boot ORM,Accessing properties of an entity that are inaccessible,Ensure proper field mapping and access modifiers,Using private fields without getters in an entity class,Add getters/setters or use appropriate access levels,Often caused by issues in Hibernate entity mapping.
PropertyVetoException,Beans Framework,Property change vetoed by a listener during bean operations.,Ensure property values and changes are supported.,bean.setProperty(invalidValue);,Debug listener veto conditions for invalid property changes.,Raised in applications using Java Beans.
ProviderException,Cryptography,Errors or issues with a security provider implementation.,Validate the security provider configuration and ensure compatibility.,"Cipher.getInstance(""AES"").doFinal(data);",Use trusted and properly implemented providers.,Raised in cryptographic operations with faulty providers.
ProviderNotFoundError,Dependency Error,Missing provider for dependency injection in Angular,Register providers in the app.module.ts,Undefined service in Angular component,Add the missing provider in app.module.ts,Occurs when Angular cannot resolve providers for dependency injection.
ProxyTargetClassError,Dependency Error,Misconfigured proxy target class in bean creation,Use @EnableAspectJAutoProxy(proxyTargetClass=true),Omitting proxy target configuration,Enable proxy target in configuration,Occurs during AOP proxy creation when proxy target class is not defined.
QualifierMismatchError,Dependency Error,Incorrect or missing @Qualifier in multi-bean setups,Add the correct @Qualifier annotation,Multiple beans of the same type without qualifiers,Annotate dependencies with @Qualifier,Common when injecting beans in configurations with multiple bean options.
QueryTimeoutError,SQL Query Execution,Query execution taking too long,Optimize query logic or increase timeout,Query exceeding timeout limits,Improve indexing or set higher timeout limits,Happens when queries are slow due to unoptimized database operations.
RecursionError,Python Runtime,Exceeding the maximum recursion depth,Refactor recursive functions to include base cases,Infinite recursion in a function call,Add a base case to end recursion,Occurs in Python when recursion depth exceeds the system-defined maximum limit.
RemoteException,RMI (Remote),Communication failure during remote method invocation.,Validate RMI connections and server settings.,remote.method();,try { remote.method(); } catch (RemoteException e) {},Common in distributed systems.
Renderer Error,Angular Rendering,Using invalid properties in template binding,Review and fix binding to match component fields,Binding {{undefinedProperty}},Correctly bind {{validProperty}},Happens during template rendering when bound fields do not exist in components.
ResourceLeakError,Resource Management,"Resources like files, sockets, or streams not properly closed",Always close resources in finally blocks,Opening a file without closing it,Use try-with-resources or finally to close,"Common in languages with explicit resource management (e.g., Java, C++)."
RowSetWarning,Database Access,Warnings related to RowSet objects during data manipulation.,Address underlying issues causing warnings.,rowSet.execute();,Handle and log RowSet warnings gracefully.,Non-fatal warnings during database operations.
SAXException,XML Parsing,Errors while processing or parsing XML data.,Validate XML format and structure.,XMLReader.parse(invalidXML);,Use well-formed XML data and ensure schemas are valid.,Common in XML parsing operations.
ScopeAnnotationConflictError,Annotation Error,Using conflicting scope annotations for the same bean,Define a consistent scope annotation,"@Scope(""prototype"") with conflicting singleton config",Define consistent scopes in bean configuration,Common when beans have multiple and conflicting lifecycle annotations.
SecurityException,Security,Trying to access restricted system resources or violating security policies.,Ensure correct permissions and validate security policies.,System.setSecurityManager(new SecurityManager());,try { System.setSecurityManager(new SecurityManager()); } catch (SecurityException e) {},Common in secure environments or restricted operations.
SerializationError,Object Serialization,Issues during object serialization or deserialization,Ensure that objects implement proper serialization protocols,Saving an object without implementing Serializable,Implement Serializable or equivalent interfaces,Happens when saving or transferring objects across systems.
ServiceConfigurationError,Service Provider Framework,Issues in locating or loading service provider configurations.,Ensure service configurations and providers are properly set.,ServiceLoader.load(InvalidService.class);,Validate service configuration files and providers.,Occurs when using ServiceLoader in modular applications.
SocketException,Network Communication,Errors in socket operations.,Validate socket settings and usage.,socket.getOutputStream();,try { socket.getOutputStream(); } catch (SocketException e) {},Raised during socket-based communication.
SQL Syntax Error,SQL Error,Writing incorrect queries,"Check SQL syntax, validate query",SELECT FROM table,SELECT * FROM table,Occurs due to missing keywords or clauses.
SQLException,Database Access,Issues with SQL syntax or database connections.,Validate database settings and query syntax.,"stmt.executeQuery(""INVALID SQL"");","try { stmt.executeQuery(""VALID SQL""); } catch (SQLException e) {}",Common during database operations.
SQLIntegrityConstraintViolationException,Database Access,"Violation of database constraints such as unique, foreign key, etc.",Ensure data integrity and query compliance with constraints.,"stmt.executeUpdate(""INSERT INTO table VALUES (duplicateKey);"");",Validate query inputs and comply with database constraints.,Frequently occurs during database operations.
SSLHandshakeException,SSL Communication,SSL/TLS handshake failure due to invalid certificates or protocols.,Validate SSL certificates and protocols.,"SSLSocketFactory.getSocketFactory().createSocket(""invalidServer"", port);",Use properly signed certificates and supported protocols.,Common in secure server communications.
StackOverflowError,Java Runtime,Infinite recursion or deeply nested method calls,Ensure a proper base case in recursive methods,myMethod() ? myMethod(),Add base case: if(condition) return;,Happens when method calls exceed stack size limit.
StopIteration,Python Iteration,Exhausting an iterator before completing iteration,Handle iteration completion with try-except,Calling next(iterator) after completion,Use for loop or check iterator status,Raised when calling next() on an empty iterator.
StreamCorruptedException,Serialization,Streams have been corrupted during data transmission.,Validate the stream and retry reading operations.,ObjectInputStream.readObject(corruptStream);,Use proper error handling for stream recovery.,Frequently raised in serialization-based communication.
StringCodingError,JVM String Operations,Errors during JVM internal string encoding or decoding.,Debug encoding libraries and check for valid string inputs.,"String.getBytes(""unsupportedEncoding"");",Use supported encoding schemes and valid strings.,Occurs in internationalization-heavy applications.
SyncFailedException,File Handling,Failure in syncing file data to the underlying storage.,Ensure sufficient disk space and valid file system permissions.,"FileDescriptor fd = new FileOutputStream(""file.txt"").getFD(); fd.sync();",Handle disk-related exceptions gracefully.,Occurs during low-level file operations.
SyntaxError,Python Syntax,Writing invalid Python code,Correct syntax mistakes and validate code,Missing colon in if x > 0,Add colon: if x > 0:,Occurs when Python syntax rules are violated.
SyntaxErrorException,SQL Query Execution,Writing malformed or invalid SQL syntax,Correct the syntax and verify the query format,SELEC * FORM table,SELECT * FROM table,Syntax errors occur when the query structure is incorrect.
Template Parse Error,Angular Build,Incorrect HTML template syntax or bindings,Fix HTML template and ensure valid bindings,<div>{{variable</div>,<div>{{variable}}</div>,Happens due to missing braces or invalid bindings in Angular templates.
TemplateBindingError,Angular Templates,Binding to a property that doesn’t exist in the component,Verify property existence before binding,Binding {{nonExistentProperty}},Ensure nonExistentProperty exists in the component class,Common during property binding with misspelled or missing properties.
TemplateNotFoundError,Angular Templates,Missing or misnamed templates in components,Verify template file paths,Missing template URL in component.ts,Add correct templateUrl in component,Common when Angular cannot locate specified template files.
TemplateSyntaxError,Angular Templates,Using incorrect syntax in Angular templates,Verify correct template syntax,Missing brackets in template bindings,Correctly bind templates like [attr.prop],Happens frequently during binding or structural directives in Angular.
ThreadDeath,Thread Lifecycle,A thread was forcefully stopped with Thread.stop().,Use graceful thread interruption instead of stop().,thread.stop();,Replace stop() with interruption-based lifecycle management.,Raised when deprecated lifecycle methods are used.
TransactionDeadlock,SQL Transactions,Multiple processes causing deadlock on shared resources,Use proper transaction isolation or lock escalation,Concurrent processes updating the same records,Rearrange transaction sequence,Happens in concurrent database operations with poor locking mechanisms.
TransactionRequiredException,Spring Boot JPA,Executing operations on entities outside transactions,Use @Transactional annotation,Updating entities without a transaction,Wrap operations in @Transactional method,Occurs frequently in JPA while performing entity operations without transactions.
TransactionRolledBackException,Spring Boot Transaction,Improper transaction handling or failure during execution,Review and correct transaction boundaries,Update query fails without rollback,Handle rollback explicitly using @Transactional annotation,Occurs when transactions fail and no proper rollback is configured.
TransformerException,XML Transformation,Issues while transforming XML documents using XSLT.,Ensure XSLT and XML documents are compatible.,"transformer.transform(invalidSource, result);",Debug transformer configurations and document formats.,Raised in XML transformation pipelines.
TypeError,Python Runtime,Performing operations on incompatible types,Convert or match data types,'a' + 1,'a' + str(1),Occurs often with string and numeric operations.
TypeMismatchDataAccessException,Spring Boot Data Access,Mismatched types between query parameters and database fields,Use compatible data types and validate query params,Using String for a numeric database field,Use the correct data type: Integer,Occurs in Spring Boot repositories and query execution with incorrect types.
TypeNotPresentException,Reflection,Indicates that a referenced class or type is not available.,Verify classpath and ensure all required classes are included.,"ParameterizedType pt = new ParameterizedType(""missingType"");",Correct type references or class loading configurations.,Common during runtime reflection-based operations.
UncaughtException,Thread Handling,An exception was thrown in a thread but not caught.,Add a default uncaught exception handler.,thread.start();,Use Thread.setDefaultUncaughtExceptionHandler() for managing errors.,Raised in multi-threaded applications.
UnhandledPromiseRejection,Angular/JS Runtime,Promises not properly handled with .catch(),Always handle errors in promises using .catch(),promise.then(() => doSomething());,promise.then(() => doSomething()).catch(err => console.log(err));,Common when using asynchronous JavaScript code with promises.
UniqueConstraintViolation,SQL Integrity,Inserting duplicate values into unique columns,Ensure input values are unique,"INSERT INTO users VALUES(1, 'John') twice",Validate uniqueness before insertion,Occurs when attempting to insert duplicate primary key values.
UnknownHostException,Network Communication,Hostname cannot be resolved.,Verify hostname and DNS settings.,"InetAddress.getByName(""invalid.com"");","try { InetAddress.getByName(""valid.com""); } catch (UnknownHostException e) {}",Common during socket programming.
UnmarshalException,Serialization,Errors in unmarshalling data during RMI operations.,Ensure data consistency between serialization and deserialization formats.,Object obj = unmarshal(data);,Verify object formats and configurations before operations.,Raised during remote method invocations.
UnmodifiableClassException,Instrumentation,Attempting to redefine or modify a class that cannot be altered.,Ensure the class is modifiable before using redefinition APIs.,Instrumentation.redefineClasses(immutableClass);,Verify class properties and avoid attempts to redefine immutable classes.,Raised in advanced instrumentation scenarios.
UnreachableCodeError,Logic Error,Writing code that will never be executed,Remove or refactor unreachable code,Code after a return or break statement,Ensure logical flow of the program,Happens when unreachable blocks of code exist in any logic flow.
UnresolvedLinkError,JVM Linking Errors,Unresolved method or field reference during class linking.,Debug linkage between dependencies and ensure correct configurations.,object.callUnlinkedMethod();,Validate runtime library versions and patch missing dependencies.,Common in modular or dependency-heavy applications.
UnsatisfiedDependencyError,Dependency Error,Missing required dependencies for a bean,Verify dependency configurations and inject all required beans,Missing service dependency in configuration,Add missing dependency through @Autowired or @Bean,Common when Spring Boot fails to resolve bean dependencies.
UnsatisfiedDependencyException,Dependency Error,Missing required dependencies in the application context,Add the necessary beans/dependencies,Missing service in Spring Boot,Add service configuration or @ComponentScan,Occurs when Spring Boot cannot resolve dependencies due to misconfiguration.
UnsupportedCharsetException,Charset Encoding,Using an unsupported character set for encoding.,Use supported charsets; validate configurations.,"Charset.forName(""unsupported"");","try { Charset.forName(""UTF-8""); } catch (UnsupportedCharsetException e) {}",Occurs during text encoding or decoding.
UnsupportedFlavorException,Clipboard Handling,Unsupported data format in clipboard operations.,Verify clipboard data format compatibility.,clipboard.getData(invalidFlavor);,Use supported clipboard data formats for operations.,Common in drag-and-drop or clipboard-based functionality.
UnsupportedOperationError,Feature Not Supported,Using a feature or method not supported by the platform,Check platform documentation for compatibility,Calling delete in languages without garbage collection,Use valid features supported by the platform,Common when porting code across incompatible platforms.
UnsupportedOperationException,Java Collections,Performing operations unsupported by the collection,Use collection-specific methods for safe operations,"List<String> list = Arrays.asList(); list.add(""item"");",Use mutable lists like new ArrayList<>(),Occurs when modifying immutable collections in Java.
ValueError,Python Runtime,Passing invalid arguments to functions,Validate input values before function calls,int('abc'),Use if value.isdigit() before casting,"Occurs when arguments mismatch expected formats (e.g., casting issues)."
VerifyError,JVM Verification,JVM detected invalid bytecode during class loading.,Debug class file generation and ensure valid bytecode.,"corruptedClassLoader.loadClass(""BrokenClass"");",Ensure bytecode complies with JVM specifications.,Raised during class file verification.
XPathExpressionException,XPath Processing,Invalid XPath expressions while querying XML documents.,Validate XPath expressions before execution.,XPathFactory.newInstance().newXPath().compile(invalidXPath);,Use properly formatted XPath expressions.,Occurs during advanced XML queries.
